With the contribution of:,NASA's All Sky Fireball Camera,,,URL:,https://fireballs.ndc.nasa.gov,,All Results Available at:,,,
Dr. Alexander Mamishev,Recorded Data Time Frame:,,07/26/24 - 08/10/24	,NASA Data Time Frame,,07/26/24 - 08/10/24,https://drive.google.com/drive/folders/1ROwQNRFRhvF5wVHeT5XHHyjqyYzcx95c?usp=drive_link,,,
Dr. Sep Makhsous,Available Tasks (DO ASAP):,,,Update highlighter color as needed,,,,,,
Daniel Lopez,"(1) Will need to match AMS and NASA events by UTC time, Be sure to put a ⭐ and ""Match (#)"" to be able to cross ref database matches, pls check for any matches here too (under skyfall): https://fireballs.ndc.nasa.gov ",,,,,,,,,
Xueyicheng Xu,"(2) Finish copying and pasting public available info from NASA database, Aim to copy up to Aug 14th. Aug 12th is the peak strength for PER",,,,,,,,,
Kiet Tran,"(3) finish adding time ranges in Notes for AMS events with multiple reports. Examples can be found at the bottom of the AMS table section, Please fill out the apparent magnitude section as well.",,,,,,,,,
Caleb Louis Ceravolo,Highlight markups:,Green = detetcion matches; Stars (⭐) = AMS/NASA database matches; Perseids in blue. Absolute Mag is the brightness a star would be at a standard distance of 10 parsecs (32.6 lightyears).,,,,,Highlight marks:,,,
NASA Time Frame,"*********For the ""Day"" section: The Bold Number is the File page name on the NASA website.",,,,,,Result Archive URL,Conclusion,Signal Time,Comments
"08/01/24 - 08/12/24
07/25 - 08/01 link
08/13 - 08/27 link",Day (YearMonthDay),Time (UTC),Meteor Shower,Max Absolute Magnitude,Cameras,Notes,,TBD,,
20240802 Start,20240801,04:31:29 UTC,,-3.49,,,,TBD,,
,20240801,04:42:14 UTC,,-6.76,,⭐ Triple match,Event 3857.xlsx,Matched,,
,20240801,05:15:40 UTC,,-0.99,,,,TBD,,
Past days access:,20240801,05:19:37 UTC,,-3.89,,,,TBD,,
20240801 File with mag/cam info,20240801,06:09:31 UTC,CAP,-3.95,,,,TBD,,
20240731 File with mag/cam info,20240801,07:11:11 UTC,PER,-4.85,,,,TBD,,
20240730 File with mag/cam info,20240801,07:14:37 UTC,CAP,-5.41,,,,TBD,,
20240729 File with mag/cam info,20240801,08:14:16 UTC,CAP,-5.20,,,,TBD,,
20240728 File with mag/cam info,20240801,08:25:20 UTC,CAP,-0.72,,,,TBD,,
20240727 File with mag/cam info,20240801,08:45:10 UTC,,-4.38,,,,TBD,,
20240726 File with mag/cam info,20240801,08:48:26 UTC,,-5.46,,,,TBD,,
,20240801,09:25:18 UTC,PER,-1.33,,,,TBD,,
Cell A800 for more days,20240802,04:42:12 UTC,SDA,-2.47,,,,TBD,,
,20240802,05:47:28 UTC,,-1.83,,⭐,"Event 3901, 3902, 3903.xlsx",Matched,,
,20240802,05:58:06 UTC,PER,-0.65,,,,TBD,,
,20240802,06:05:04 UTC,,-4.80,,,,TBD,,
,20240802,06:53:41 UTC,,-2.17,,,,TBD,,
,20240802,08:07:30 UTC,,-1.81,,,,TBD,,
,20240802,08:08:33 UTC,PER,-2.73,,,,TBD,,
,20240802,08:11:40 UTC,,-4.75,,,,TBD,,
,20240802,08:11:46 UTC,,-3.37,,,,TBD,,
,20240802,08:16:02 UTC,,-1.06,,,,TBD,,
,20240802,08:29:52 UTC,,-2.78,,,,TBD,,
,20240802,09:19:53 UTC,SDA,-1.14,,,,TBD,,
,20240802,09:52:47 UTC,PER,-1.82,,,,TBD,,
,20240802,09:54:52 UTC,SDA,-4.30,,,,TBD,,
,20240802,10:43:46 UTC,PER,-3.82,,,,TBD,,
,20240802,10:43:54 UTC,,-3.31,,,,TBD,,
,20240802,11:04:47 UTC,PER,-4.30,,,,TBD,,
For 20240802,20240802,11:08:15 UTC,PER,-1.55,,,,TBD,,
Data File Page Break,20240802,11:21:16 UTC,,-5.58,,,,TBD,,
20240803 Start,20240802,06:08:45 UTC,SDA,-1.15,"18,19",,,TBD,,
,20240802,07:07:36 UTC,PER,-5.59,"1,2,3,4,7",,,TBD,,
,20240802,08:11:40 UTC,,-4.43,"1,2,3,7",,,TBD,,
,20240802,08:24:22 UTC,,-3.57,"18,19",,,TBD,,
,20240802,09:05:00 UTC,SDA,-3.53,"5,6",,,TBD,,
,20240802,09:42:05 UTC,SDA,-1.87,"18,19",,,TBD,,
,20240802,09:53:59 UTC,,-3.04,"18,19",,,TBD,,
,20240802,11:21:16 UTC,PER,-6.34,"10,11",,,TBD,,
,20240803,05:16:36 UTC,,-1.04,"18,19",,,TBD,,
,20240803,05:21:22 UTC,PER,-6.28,"1,2,3,4,7",,,TBD,,
,20240803,05:30:15 UTC,,-1.48,"1,3",,,TBD,,
,20240803,05:41:06 UTC,PER,-3.53,"5,6",,,TBD,,
,20240803,05:41:13 UTC,PER,-4.98,"18,19",,,TBD,,
,20240803,07:26:15 UTC,PER,-3.09,"18,19",,,TBD,,
,20240803,07:52:28 UTC,PER,-2.41,"18,19",,,TBD,,
,20240803,07:59:19 UTC,,-4.62,"18,19",,,TBD,,
,20240803,08:08:55 UTC,PER,-5.68,"5,6",,,TBD,,
,20240803,08:32:27 UTC,PER,-2.24,"18,19",,,TBD,,
,20240803,09:01:44 UTC,PER,-2.78,"10,11",,,TBD,,
,20240803,09:04:01 UTC,PER,-2.81,"1,4",,,TBD,,
,20240803,09:13:07 UTC,,-2.72,"18,19",,,TBD,,
,20240803,09:34:30 UTC,PER,-2.31,"1,3",,,TBD,,
,20240803,09:36:15 UTC,PER,-2.97,"5,6",,,TBD,,
,20240803,09:50:21 UTC,SDA,-2.38,"18,19",,,TBD,,
,20240803,10:37:43 UTC,,-2.19,"10,11",,,TBD,,
,20240803,10:46:04 UTC,,-1.88,"5,6",,,TBD,,
,20240803,10:54:07 UTC,PER,-1.75,"5,6",,,TBD,,
For 20240803,20240803,11:38:57 UTC,PER,-2.78,"10,11",,,TBD,,
Data File Page Break,20240803,11:41:16 UTC,PER,-1.55,"10,11",,,TBD,,
20240804 Start,20240804,03:57:40 UTC,PER,-2.63,"16,17",,,TBD,,
,20240804,03:58:43 UTC,SDA,-0.23,"16,17",,,TBD,,
,20240804,04:43:31 UTC,,-5.05,"16,17",,,TBD,,
,20240804,05:27:52 UTC,PER,-0.92,"16,17",,,TBD,,
,20240804,06:04:01 UTC,PER,-3.19,"1,3",,,TBD,,
,20240804,06:11:36 UTC,,-0.85,"1,3",,,TBD,,
,20240804,06:24:09 UTC,,-5.92,"1,2,3,4",,,TBD,,
,20240804,07:02:51 UTC,PER,-0.28,"1,3",,,TBD,,
,20240804,07:06:45 UTC,,-1.86,"2,4",,,TBD,,
,20240804,07:23:33 UTC,PER,-3.28,"1,3",,,TBD,,
,20240804,08:00:47 UTC,PER,-1.02,"1,3",,,TBD,,
,20240804,08:03:15 UTC,PER,-4.05,"16,17",,,TBD,,
,20240804,08:24:54 UTC,PER,-2.02,"1,3",,,TBD,,
,20240804,08:26:30 UTC,,-4.48,"4,7",,,TBD,,
,20240804,08:37:15 UTC,PER,-2.95,"5,6",,,TBD,,
,20240804,08:43:01 UTC,,-2.65,"1,3",,,TBD,,
,20240804,08:47:41 UTC,PER,-3.53,"9,11",,,TBD,,
,20240804,08:51:41 UTC,,-2.54,"16,17",,,TBD,,
,20240804,08:58:40 UTC,PER,-4.47,"16,17",,,TBD,,
,20240804,09:06:26 UTC,PER,-3.27,"1,3",,,TBD,,
,20240804,09:23:56 UTC,PER,-6.26,"1,2,3,7",,,TBD,,
,20240804,09:24:47 UTC,,-1.76,"2,4,7",,,TBD,,
,20240804,09:32:02 UTC,PER,-4.08,"2,4,7",,,TBD,,
,20240804,10:00:09 UTC,,-6.91,"2,7",,,TBD,,
,20240804,10:01:26 UTC,PER,-3.00,"5,6",,,TBD,,
For 20240804,20240804,10:16:35 UTC,,-4.44,"9,10",,,TBD,,
Data File Page Break,20240804,11:38:29 UTC,PER,-3.93,"10,11",,,TBD,,
20240805 Start,20240805,07:06:28 UTC,PER,-4.86,"1,4",,,TBD,,
,20240805,07:07:38 UTC,PER,-1.08,"4,7",,,TBD,,
,20240805,07:12:46 UTC,,-2.92,"16,17",,,TBD,,
,20240805,07:24:08 UTC,,-2.38,"5,6",,,TBD,,
,20240805,07:51:24 UTC,PER,-2.18,"16,17",,,TBD,,
,20240805,07:58:04 UTC,PER,-3.07,"5,6",,,TBD,,
,20240805,08:07:10 UTC,PER,-2.01,"5,6",,,TBD,,
,20240805,08:11:28 UTC,PER,-1.61,"14,17",,,TBD,,
,20240805,08:38:42 UTC,,-2.26,"2,4",,,TBD,,
,20240805,08:41:25 UTC,PER,-0.96,"5,6",,,TBD,,
,20240805,09:12:29 UTC,PER,-2.65,"1,2,4",,,TBD,,
,20240805,09:19:42 UTC,,-1.88,"5,6",,,TBD,,
,20240805,09:34:50 UTC,PER,-2.89,"16,17",,,TBD,,
,20240805,09:44:23 UTC,PER,-4.61,"5,6",,,TBD,,
For 20240805,20240805,09:55:02 UTC,PER,-1.67,"1,3",,,TBD,,
Data File Page Break,20240805,11:14:11 UTC,,-1.33,"5,6",,,TBD,,
20240806 Start,20240803,07:57:44 UTC,PER,-6.46,"18,19",,,TBD,,
,20240803,08:21:28 UTC,CAP,-3.13,"1,4",,,TBD,,
,20240803,08:36:07 UTC,PER,-1.16,"5,6",,,TBD,,
,20240803,09:18:02 UTC,,-5.03,"18,19",,,TBD,,
,20240803,10:58:18 UTC,PER,-6.06,"10,11",,,TBD,,
,20240804,05:56:01 UTC,,-3.61,"1,3",,,TBD,,
,20240804,07:06:45 UTC,,-1.86,"2,4,7",,,TBD,,
,20240804,07:51:17 UTC,PER,-4.58,"5,6",,,TBD,,
,20240804,08:26:30 UTC,,-4.86,"1,2,4,7",,,TBD,,
,20240804,10:00:09 UTC,PER,-6.56,"1,2,3,7",,,TBD,,
,20240804,10:22:19 UTC,,-1.85,"10,11",,,TBD,,
,20240805,02:21:29 UTC,,-5.73,"4,7",⭐,"Event 3986, 3987, 3988, 3989, 4055.xlsx",Matched,,
,20240805,07:46:35 UTC,,-5.29,"5,6",,,TBD,,
,20240805,08:38:42 UTC,,-2.26,"1,2,4",,,TBD,,
,20240805,09:37:29 UTC,PER,-4.85,"4,7",,,TBD,,
,20240805,09:41:41 UTC,,-3.93,"5,6",,,TBD,,
,20240805,10:42:13 UTC,,-4.68,"5,6",,,TBD,,
,20240805,10:46:11 UTC,,-3.33,"5,6",,,TBD,,
,20240806,04:32:05 UTC,,-2.57,"5,6",,,TBD,,
,20240806,05:27:58 UTC,,-1.08,"16,17",,,TBD,,
,20240806,05:31:51 UTC,,-1.78,"1,2,4",,,TBD,,
,20240806,05:40:32 UTC,,-2.31,"2,7",,,TBD,,
,20240806,06:39:49 UTC,,-0.64,"5,6",,,TBD,,
,20240806,07:28:15 UTC,PER,-1.98,"5,6",,,TBD,,
,20240806,07:45:44 UTC,PER,-3.43,"1,2,4",,,TBD,,
,20240806,09:23:04 UTC,,-3.32,"1,3",,,TBD,,
,20240806,09:45:29 UTC,PER,-3.61,"1,3",,,TBD,,
,20240806,09:49:21 UTC,PER,-1.50,"1,4",,,TBD,,
,20240806,09:50:04 UTC,PER,-2.07,"5,6",,,TBD,,
,20240806,09:56:28 UTC,PER,-1.54,"1,3",,,TBD,,
,20240806,09:58:53 UTC,PER,-3.74,"5,6",,,TBD,,
,20240806,10:02:55 UTC,PER,-2.42,"2,4",,,TBD,,
For 20240806,20240806,11:06:47 UTC,PER,-2.39,"10,11",,,TBD,,
Data File Page Break,20240806,11:25:40 UTC,,-2.63,"5,6",,,TBD,,
For 20240807,20240806,11:28:54 UTC,PER,-3.29,"5,6",,,TBD,,
Data File Page Break,20240806,02:47:27 UTC,CAP,-2.34,"5,6",Data got lost because I (Daniel) did not check NASA on time. Only last 2 weeks is on public website,,TBD,,
20240808 Start,20240807,07:05:46 UTC,PER,-4.05,"1,2,3,4",,,TBD,,
,20240807,07:14:28 UTC,,-0.97,"1,3",,,TBD,,
,20240807,08:44:47 UTC,KCG,-2.17,"4,7",,,TBD,,
,20240807,10:06:30 UTC,,-2.62,"1,4",,,TBD,,
,20240807,11:45:25 UTC,CAP,-3.41,"10,11",,,TBD,,
,20240808,01:48:42 UTC,CAP,-2.67,"3,4",,,TBD,,
,20240808,01:52:50 UTC,,-1.46,"2,4",,,TBD,,
,20240808,05:20:27 UTC,PER,-1.23,"2,4",,,TBD,,
,20240808,05:49:56 UTC,PER,-0.64,"4,7",,,TBD,,
,20240808,06:50:24 UTC,,-4.84,"1,2,3,4",,,TBD,,
,20240808,06:55:25 UTC,PER,-1.32,"1,3,4",,,TBD,,
,20240808,07:31:16 UTC,PER,-1.21,"5,6",,,TBD,,
,20240808,07:33:08 UTC,PER,-1.54,"1,3",,,TBD,,
,20240808,08:53:36 UTC,PER,-1.70,"5,6",,,TBD,,
,20240808,08:54:04 UTC,,-7.15,"2,4",,,TBD,,
,20240808,08:58:44 UTC,PER,-3.63,"1,2,4,7",,,TBD,,
,20240808,09:02:06 UTC,PER,-2.12,"5,6",,,TBD,,
,20240808,09:02:25 UTC,PER,-3.61,"5,6",,,TBD,,
,20240808,09:24:20 UTC,,-4.02,"5,6",,,TBD,,
,20240808,10:05:21 UTC,,-1.69,"5,6",,,TBD,,
,20240808,10:21:54 UTC,NDA,-1.31,"5,6",,,TBD,,
For 20240808,20240808,10:34:58 UTC,,-2.55,"5,6",,,TBD,,
Data File Page Break,20240808,11:16:06 UTC,PER,-1.60,"5,6",,,TBD,,
20240809 Start,20240808,04:14:54 UTC,PER,-2.46,"14,16",,,TBD,,
,20240808,04:54:03 UTC,PER,-4.63,"2,4",,,TBD,,
,20240808,05:46:45 UTC,PER,-2.92,"5,6",,,TBD,,
,20240808,06:56:47 UTC,,-1.69,"5,6",,,TBD,,
,20240808,08:26:48 UTC,PER,-1.59,"2,3",,,TBD,,
,20240808,08:30:42 UTC,PER,-4.96,"1,3",,,TBD,,
,20240808,08:54:04 UTC,,-6.92,"1,2,4,7",,,TBD,,
,20240808,09:10:41 UTC,,-4.82,"2,4",,,TBD,,
,20240809,03:50:51 UTC,,-3.14,"1,3",,,TBD,,
,20240809,03:58:35 UTC,PER,-2.98,"1,3",,,TBD,,
,20240809,04:55:06 UTC,PER,-2.65,"5,6",,,TBD,,
,20240809,04:58:39 UTC,,-2.06,"9,10",,,TBD,,
,20240809,05:02:37 UTC,,-3.04,"9,10",,,TBD,,
,20240809,06:35:53 UTC,PER,-6.26,"1,2,4,7",⭐,Event 4153.xlsx,Matched,,
,20240809,06:53:16 UTC,PER,-2.49,"2,4,7",,,TBD,,
,20240809,07:44:07 UTC,,-1.41,"18,19",,,TBD,,
,20240809,07:44:49 UTC,,-3.15,"3,4,7",,,TBD,,
,20240809,07:46:05 UTC,PER,-3.45,"5,6",,,TBD,,
,20240809,07:57:47 UTC,NDA,-4.69,"5,6",,,TBD,,
,20240809,08:02:41 UTC,PER,-1.79,"18,19",,,TBD,,
,20240809,08:16:56 UTC,,-2.88,"1,2,3,4",,,TBD,,
For 20240809,20240809,08:25:04 UTC,,-1.04,"18,19",,,TBD,,
Data File Page Break,20240809,08:33:03 UTC,,-2.94,"1,2,3,7",,,TBD,,
20240810 Start,20240809,03:24:37 UTC,PER,-4.32,"1,3",,,TBD,,
,20240809,06:00:21 UTC,PER,-1.41,"1,3",,,TBD,,
,20240809,06:35:53 UTC,PER,-6.26,"1,2,3,4,7",⭐,Event 4153.xlsx,Matched,,
,20240809,07:14:03 UTC,PER,-4.55,"1,2,3,4,7",,,TBD,,
,20240809,09:53:28 UTC,,-6.32,"18,19",,,TBD,,
,20240809,10:05:52 UTC,PER,-1.25,"1,3",,,TBD,,
,20240810,01:59:42 UTC,PER,-1.18,"14,17",,"Event 4185, 4186, 4164.xlsx",Partially Matched / Not sure,,
,20240810,02:25:27 UTC,PER,-1.68,"16,17",,,TBD,,
,20240810,02:25:37 UTC,,-1.83,"2,3,4",,,TBD,,
,20240810,02:36:57 UTC,PER,-1.33,"16,17",,,TBD,,
,20240810,03:05:04 UTC,PER,-2.67,"14,16,17",⭐,"Event 4193, 4194, 4164, 4202.xlsx",TBD,,
,20240810,03:09:23 UTC,,-1.86,"1,3",,,TBD,,
,20240810,06:41:46 UTC,,-2.47,"16,17",,,TBD,,
,20240810,06:42:11 UTC,PER,-3.02,"18,19",,,TBD,,
,20240810,06:50:34 UTC,PER,-0.59,"14,17",,,TBD,,
,20240810,06:51:05 UTC,PER,-2.54,"16,17",,,TBD,,
,20240810,06:54:05 UTC,,-2.54,"16,17",,,TBD,,
,20240810,07:06:56 UTC,SIA,-1.91,"16,17",,,TBD,,
,20240810,07:15:46 UTC,PER,-2.78,"1,3",,,TBD,,
,20240810,07:15:51 UTC,PER,-1.81,"14,17",,,TBD,,
,20240810,07:21:02 UTC,PER,-2.19,"18,19",,,TBD,,
,20240810,07:27:38 UTC,PER,-1.37,"5,6",,,TBD,,
,20240810,07:28:44 UTC,PER,-3.01,"1,2,3,4",⭐,https://docs.google.com/spreadsheets/d/1dLs1E3T7Apqy0NgWMqb779wCxECAvSSd/edit?usp=drive_link&ouid=114405578852571228565&rtpof=true&sd=true,Matched,,
,20240810,07:38:34 UTC,PER,-3.41,"16,17",,,TBD,,
,20240810,07:45:16 UTC,PER,-0.94,"1,3",,,TBD,,
,20240810,07:52:51 UTC,,-4.06,"16,17",,,TBD,,
,20240810,08:07:59 UTC,PER,-2.62,"1,3",,,TBD,,
,20240810,08:10:56 UTC,PER,-1.78,"1,3",1,,TBD,,
,20240810,08:25:33 UTC,,-3.25,"5,6",,,TBD,,
,20240810,08:26:51 UTC,PER,-1.73,"14,17",,,TBD,,
,20240810,08:47:15 UTC,,-4.98,"16,17",,,TBD,,
,20240810,08:54:05 UTC,PER,-3.24,"1,2,4",,,TBD,,
,20240810,09:01:19 UTC,,-3.31,"18,19",,,TBD,,
,20240810,09:06:21 UTC,PER,-1.58,"16,17",⭐,"Event 4162, 4175.xlsx",Partially Matched / Not sure,,
,20240810,09:06:32 UTC,PER,-5.19,"18,19",⭐,"Event 4162, 4175.xlsx",Partially Matched / Not sure,,
,20240810,09:07:44 UTC,PER,-3.93,"1,2",,,TBD,,
,20240810,09:14:16 UTC,,-1.94,"1,3",,,TBD,,
,20240810,09:39:12 UTC,PER,-2.86,"2,4",,,TBD,,
,20240810,09:39:14 UTC,PER,-2.66,"18,19",,,TBD,,
,20240810,09:40:46 UTC,,-2.37,"5,6",,,TBD,,
,20240810,09:43:55 UTC,,-2.05,"5,6",,,TBD,,
,20240810,09:54:41 UTC,,-3.84,"18,19",,,TBD,,
,20240810,10:07:13 UTC,PER,-1.78,"18,19",,,TBD,,
,20240810,10:15:53 UTC,PER,-5.17,"1,3",,,TBD,,
,20240810,10:16:55 UTC,,-2.89,"1,3",,,TBD,,
,20240810,10:28:24 UTC,PER,-2.20,"5,6",,,TBD,,
For 20240810,20240810,10:48:07 UTC,PER,-2.19,"5,6",,,TBD,,
Data File Page Break,20240810,11:00:27 UTC,,-2.74,"5,6",,,TBD,,
20240811 Start,20240811,01:52:08 UTC,,-1.55,"1,2,3,4",,,TBD,,
,20240811,02:40:27 UTC,PER,-1.71,"1,2,3,4",,,TBD,,
,20240811,03:11:38 UTC,PER,-4.68,"14,16,17",⭐,"Event 4256, 4258, 4250, 4252, 4255.xlsx",Matched,,
,20240811,03:13:46 UTC,PER,-2.45,"14,17",,,TBD,,
,20240811,03:14:35 UTC,,-1.86,"14,17",,,TBD,,
,20240811,03:18:06 UTC,PER,-2.71,"14,17",⭐,"Event 4256, 4258, 4250, 4252, 4255.xlsx",Matched,,
,20240811,03:42:42 UTC,PER,-2.53,"1,3",,,TBD,,
,20240811,03:48:34 UTC,PER,-1.33,"1,3",,,TBD,,
,20240811,04:11:37 UTC,PER,-2.63,"2,4",⭐ (Marked as 4:12 but signal time is at 4:20,https://docs.google.com/spreadsheets/d/1WUDwgnh7HaG0DTiglDFeoBvM9M2-KzhT/edit?usp=drive_link&ouid=114405578852571228565&rtpof=true&sd=true,Partially Matched / Not sure,,
,20240811,04:13:27 UTC,,-2.36,"1,3",,,Partially Matched / Not sure,,
,20240811,04:16:35 UTC,PER,-2.13,"1,2,4",,,Partially Matched / Not sure,,
,20240811,04:17:16 UTC,PER,-3.63,"1,2,3,4",,,TBD,,
,20240811,04:58:08 UTC,PER,-2.69,"14,16,17",,,TBD,,
,20240811,04:59:29 UTC,PER,-2.44,"18,19",,,TBD,,
,20240811,05:13:21 UTC,,-3.40,4,,,TBD,,
,20240811,05:18:14 UTC,,-2.62,"10,11",,,TBD,,
,20240811,05:22:20 UTC,,-5.27,"14,17",⭐ ,https://docs.google.com/spreadsheets/d/131zKJP3iEQOlafDE9kzVqC-lsBtgwL75/edit?usp=drive_link&ouid=114405578852571228565&rtpof=true&sd=true,Matched,,
,20240811,05:29:13 UTC,PER,-2.14,"16,17",,,TBD,,
,20240811,05:38:43 UTC,,-2.94,"14,17",,,TBD,,
,20240811,05:49:58 UTC,,-4.97,"5,6",,,TBD,,
,20240811,05:59:54 UTC,PER,-1.88,"18,19",,,TBD,,
,20240811,06:10:41 UTC,PER,-2.96,"16,17",,,TBD,,
,20240811,06:13:30 UTC,PER,-1.29,"1,3",,,TBD,,
,20240811,06:17:31 UTC,PER,-4.95,"2,4",,,TBD,,
,20240811,06:21:45 UTC,PER,-1.75,"18,19",,,TBD,,
For 20240811,20240811,06:27:15 UTC,,-1.70,"18,19",,,TBD,,
Data File Page Break,20240811,06:28:34 UTC,PER,-1.11,"5,6",,,TBD,,
20240812 Start,20240810,02:12:44 UTC,,-4.93,"18,19",,,TBD,,
20240812 File with mag/cam info,20240810,03:01:40 UTC,,-0.48,"1,3",,,TBD,,
,20240810,03:13:27 UTC,PER,Cell A271 or ask Daniel,Cell A271 or ask Daniel,Cell A271 or ask Daniel,,TBD,,
,20240810,03:58:26 UTC,,Cell A271 or ask Daniel,,,,TBD,,
,20240810,05:18:05 UTC,,Cell A271 or ask Daniel,,,,TBD,,
,20240810,06:18:13 UTC,,Cell A271 or ask Daniel,,,,TBD,,
,20240810,06:55:51 UTC,,Cell A271 or ask Daniel,,,,TBD,,
,20240810,07:25:59 UTC,,Cell A271 or ask Daniel,,,,TBD,,
,20240810,08:22:34 UTC,,Cell A271 or ask Daniel,,,,TBD,,
,20240810,08:34:31 UTC,PER,Cell A271 or ask Daniel,,,,TBD,,
,20240810,09:02:37 UTC,,Cell A271 or ask Daniel,,,,TBD,,
,20240810,09:24:23 UTC,PER,Cell A271 or ask Daniel,,,,TBD,,
,20240810,09:53:33 UTC,,Cell A271 or ask Daniel,,,Event 4196.xlsx,Matched,,
,20240810,09:58:26 UTC,,Cell A271 or ask Daniel,,,,TBD,,
,20240810,09:59:32 UTC,PER,Cell A271 or ask Daniel,,,,TBD,,
,20240810,10:01:10 UTC,PER,Cell A271 or ask Daniel,,,,TBD,,
,20240810,10:15:36 UTC,,Cell A271 or ask Daniel,,,,TBD,,
,20240811,04:58:57 UTC,PER,Cell A271 or ask Daniel,,,,TBD,,
,20240811,05:18:14 UTC,,Cell A271 or ask Daniel,,,,TBD,,
,20240811,05:22:20 UTC,,Cell A271 or ask Daniel,,⭐,"Event 4249, 4251, 4260.xlsx",Matched,,
,20240811,05:49:58 UTC,PER,Cell A271 or ask Daniel,,,,TBD,,
,20240811,06:04:17 UTC,,Cell A271 or ask Daniel,,,,TBD,,
,20240811,06:11:30 UTC,PER,Cell A271 or ask Daniel,,,,TBD,,
,20240811,06:12:47 UTC,PER,Cell A271 or ask Daniel,,,,TBD,,
,20240811,06:30:55 UTC,,Cell A271 or ask Daniel,,,,TBD,,
,20240811,06:45:02 UTC,,Cell A271 or ask Daniel,,,,TBD,,
,20240811,07:12:51 UTC,,Cell A271 or ask Daniel,,,,TBD,,
,20240811,07:30:57 UTC,PER,Cell A271 or ask Daniel,,⭐,Event 4240.xlsx,Matched,,
,20240811,07:35:25 UTC,,Cell A271 or ask Daniel,,,,TBD,,
,20240811,07:51:51 UTC,PER,Cell A271 or ask Daniel,,,,TBD,,
,20240811,07:56:27 UTC,PER,Cell A271 or ask Daniel,,,,TBD,,
,20240811,08:23:44 UTC,PER,Cell A271 or ask Daniel,,,,TBD,,
,20240811,08:35:46 UTC,PER,Cell A271 or ask Daniel,,,,TBD,,
,20240811,08:37:21 UTC,PER,Cell A271 or ask Daniel,,,,TBD,,
,20240811,08:37:54 UTC,,Cell A271 or ask Daniel,,,,TBD,,
,20240811,08:41:31 UTC,PER,Cell A271 or ask Daniel,,,,TBD,,
,20240811,08:50:37 UTC,PER,Cell A271 or ask Daniel,,,,TBD,,
,20240811,09:14:16 UTC,PER,Cell A271 or ask Daniel,,⭐,"Event 4292, 4293.xlsx",Matched,,
,20240811,09:37:14 UTC,,Cell A271 or ask Daniel,,,,TBD,,
,20240811,09:45:03 UTC,PER,Cell A271 or ask Daniel,,,,TBD,,
,20240811,09:54:26 UTC,PER,Cell A271 or ask Daniel,,,,TBD,,
,20240811,11:25:08 UTC,PER,Cell A271 or ask Daniel,,,,TBD,,
,20240812,03:23:55 UTC,,-2.07,"2,4",,,TBD,,
,20240812,03:45:00 UTC,PER,-1.31,"4,7",,,TBD,,
,20240812,03:45:27 UTC,PER,-0.63,"18,19",,,TBD,,
,20240812,04:04:07 UTC,PER,-4.60,"14,16",,,TBD,,
,20240812,04:28:16 UTC,PER,-1.95,"1,3",⭐,https://docs.google.com/spreadsheets/d/16AEHeENwXPgpO175lT_ziM30NWkkPKzC/edit?usp=sharing&ouid=114405578852571228565&rtpof=true&sd=true,Matched,,
,20240812,04:49:46 UTC,,-2.48,"1,2,3,4",,,TBD,,
,20240812,05:23:45 UTC,PER,-2.78,"14,16",,,TBD,,
,20240812,05:25:53 UTC,PER,-5.14,"2,3,4,7",,,TBD,,
,20240812,05:26:47 UTC,,-4.32,"10,11",,,TBD,,
,20240812,05:33:00 UTC,PER,-1.67,"1,3",,,TBD,,
,20240812,05:49:18 UTC,PER,-4.02,"9,10",,,TBD,,
,20240812,05:54:24 UTC,PER,-4.37,"14,16",,,TBD,,
,20240812,05:54:31 UTC,PER,-3.59,"4,7",,,TBD,,
,20240812,06:00:21 UTC,PER,-3.57,"14,16,17",,,TBD,,
,20240812,06:00:51 UTC,PER,-1.92,"16,17",,,TBD,,
,20240812,06:01:01 UTC,PER,-2.03,"16,17",,,TBD,,
,20240812,06:02:28 UTC,PER,Cell A271 or ask Daniel,,,,TBD,,
,20240812,06:05:31 UTC,PER,Cell A271 or ask Daniel,,,,TBD,,
,20240812,06:06:43 UTC,PER,Cell A271 or ask Daniel,,,,TBD,,
,20240812,06:26:57 UTC,PER,Cell A271 or ask Daniel,,,,TBD,,
,20240812,06:27:38 UTC,PER,Cell A271 or ask Daniel,,,,TBD,,
,20240812,06:28:28 UTC,PER,Cell A271 or ask Daniel,,,,TBD,,
,20240812,06:28:35 UTC,PER,Cell A271 or ask Daniel,,,,TBD,,
,20240812,06:34:09 UTC,PER,Cell A271 or ask Daniel,,,,TBD,,
,20240812,06:35:18 UTC,,Cell A271 or ask Daniel,,,,TBD,,
,20240812,06:35:26 UTC,PER,Cell A271 or ask Daniel,,,,TBD,,
,20240812,06:36:01 UTC,,Cell A271 or ask Daniel,,,,TBD,,
,20240812,06:38:18 UTC,,Cell A271 or ask Daniel,,,,TBD,,
,20240812,06:38:25 UTC,,Cell A271 or ask Daniel,,,,TBD,,
,20240812,06:39:21 UTC,PER,Cell A271 or ask Daniel,,,,TBD,,
,20240812,06:44:26 UTC,PER,Cell A271 or ask Daniel,,,,TBD,,
,20240812,06:46:43 UTC,PER,Cell A271 or ask Daniel,,,,TBD,,
,20240812,06:47:53 UTC,,Cell A271 or ask Daniel,,,,TBD,,
,20240812,06:49:56 UTC,,Cell A271 or ask Daniel,,,,TBD,,
,20240812,06:50:52 UTC,,Cell A271 or ask Daniel,,,,TBD,,
,20240812,06:54:48 UTC,PER,Cell A271 or ask Daniel,,,,TBD,,
,20240812,06:55:15 UTC,PER,Cell A271 or ask Daniel,,,,TBD,,
,20240812,06:57:30 UTC,PER,Cell A271 or ask Daniel,,,,TBD,,
,20240812,06:59:03 UTC,PER,Cell A271 or ask Daniel,,,,TBD,,
,20240812,07:04:45 UTC,PER,Cell A271 or ask Daniel,,,,TBD,,
,20240812,07:07:26 UTC,PER,Cell A271 or ask Daniel,,,,TBD,,
,20240812,07:10:13 UTC,PER,Cell A271 or ask Daniel,,,,TBD,,
,20240812,07:11:08 UTC,,Cell A271 or ask Daniel,,,,TBD,,
,20240812,07:11:22 UTC,,Cell A271 or ask Daniel,,,,TBD,,
,20240812,07:14:34 UTC,PER,Cell A271 or ask Daniel,,,,TBD,,
,20240812,07:20:39 UTC,PER,Cell A271 or ask Daniel,,,,TBD,,
,20240812,07:22:32 UTC,,Cell A271 or ask Daniel,,,,TBD,,
,20240812,07:24:12 UTC,PER,Cell A271 or ask Daniel,,,,TBD,,
,20240812,07:28:17 UTC,PER,Cell A271 or ask Daniel,,,,TBD,,
,20240812,07:30:10 UTC,PER,Cell A271 or ask Daniel,,,,TBD,,
,20240812,07:31:01 UTC,,Cell A271 or ask Daniel,,,,TBD,,
,20240812,07:33:35 UTC,PER,Cell A271 or ask Daniel,,,,TBD,,
,20240812,07:34:20 UTC,PER,Cell A271 or ask Daniel,,,,TBD,,
,20240812,07:36:08 UTC,PER,Cell A271 or ask Daniel,,,,TBD,,
,20240812,07:37:05 UTC,,Cell A271 or ask Daniel,,,,TBD,,
,20240812,07:39:16 UTC,PER,Cell A271 or ask Daniel,,,,TBD,,
,20240812,07:40:24 UTC,PER,Cell A271 or ask Daniel,,,,TBD,,
,20240812,07:42:32 UTC,PER,Cell A271 or ask Daniel,,,,TBD,,
,20240812,07:44:45 UTC,,Cell A271 or ask Daniel,,,,TBD,,
,20240812,07:45:29 UTC,PER,Cell A271 or ask Daniel,,,,TBD,,
,20240812,07:49:00 UTC,PER,Cell A271 or ask Daniel,,,,TBD,,
,20240812,07:49:20 UTC,PER,Cell A271 or ask Daniel,,,,TBD,,
,20240812,07:49:43 UTC,PER,Cell A271 or ask Daniel,,,,TBD,,
,20240812,07:51:25 UTC,PER,Cell A271 or ask Daniel,,,,TBD,,
,20240812,07:51:25 UTC,PER,Cell A271 or ask Daniel,,,,TBD,,
,20240812,07:52:08 UTC,PER,Cell A271 or ask Daniel,,,,TBD,,
,20240812,07:55:02 UTC,PER,Cell A271 or ask Daniel,,,,TBD,,
,20240812,07:57:40 UTC,,Cell A271 or ask Daniel,,,,TBD,,
,20240812,07:59:18 UTC,PER,Cell A271 or ask Daniel,,,,TBD,,
,20240812,07:59:44 UTC,PER,Cell A271 or ask Daniel,,,,TBD,,
,20240812,08:00:27 UTC,,Cell A271 or ask Daniel,,,,TBD,,
,20240812,08:02:32 UTC,PER,Cell A271 or ask Daniel,,,,TBD,,
,20240812,08:03:30 UTC,,Cell A271 or ask Daniel,,,,TBD,,
,20240812,08:05:42 UTC,PER,Cell A271 or ask Daniel,,,,TBD,,
,20240812,08:07:38 UTC,PER,Cell A271 or ask Daniel,,,,TBD,,
,20240812,08:13:14 UTC,PER,Cell A271 or ask Daniel,,,,TBD,,
,20240812,08:17:30 UTC,PER,Cell A271 or ask Daniel,,,,TBD,,
,20240812,08:18:08 UTC,PER,Cell A271 or ask Daniel,,,,TBD,,
,20240812,08:25:17 UTC,PER,Cell A271 or ask Daniel,,,,TBD,,
,20240812,08:26:09 UTC,,Cell A271 or ask Daniel,,,,TBD,,
,20240812,08:26:16 UTC,PER,Cell A271 or ask Daniel,,,,TBD,,
,20240812,08:27:47 UTC,PER,Cell A271 or ask Daniel,,,,TBD,,
,20240812,08:28:30 UTC,PER,Cell A271 or ask Daniel,,,,TBD,,
,20240812,08:29:09 UTC,,Cell A271 or ask Daniel,,,,TBD,,
,20240812,08:33:08 UTC,PER,Cell A271 or ask Daniel,,,,TBD,,
,20240812,08:41:10 UTC,PER,Cell A271 or ask Daniel,,,,TBD,,
,20240812,08:41:36 UTC,PER,Cell A271 or ask Daniel,,,,TBD,,
,20240812,08:42:29 UTC,PER,Cell A271 or ask Daniel,,,,TBD,,
,20240812,08:43:01 UTC,,Cell A271 or ask Daniel,,,,TBD,,
,20240812,08:44:21 UTC,,Cell A271 or ask Daniel,,,,TBD,,
,20240812,08:44:42 UTC,,Cell A271 or ask Daniel,,,,TBD,,
,20240812,08:49:23 UTC,PER,Cell A271 or ask Daniel,,,,TBD,,
,20240812,08:51:52 UTC,,Cell A271 or ask Daniel,,,,TBD,,
,20240812,08:52:10 UTC,,Cell A271 or ask Daniel,,,,TBD,,
,20240812,08:54:19 UTC,PER,Cell A271 or ask Daniel,,,,TBD,,
,20240812,08:55:58 UTC,PER,Cell A271 or ask Daniel,,,,TBD,,
,20240812,08:56:34 UTC,PER,Cell A271 or ask Daniel,,,,TBD,,
,20240812,08:56:47 UTC,PER,Cell A271 or ask Daniel,,,,TBD,,
,20240812,08:59:03 UTC,,Cell A271 or ask Daniel,,,,TBD,,
,20240812,08:59:21 UTC,PER,Cell A271 or ask Daniel,,,,TBD,,
,20240812,08:59:47 UTC,,Cell A271 or ask Daniel,,,,TBD,,
,20240812,08:59:59 UTC,PER,Cell A271 or ask Daniel,,,,TBD,,
,20240812,09:00:27 UTC,PER,Cell A271 or ask Daniel,,,,TBD,,
,20240812,09:01:00 UTC,PER,Cell A271 or ask Daniel,,,,TBD,,
,20240812,09:03:21 UTC,PER,Cell A271 or ask Daniel,,,,TBD,,
,20240812,09:05:47 UTC,,Cell A271 or ask Daniel,,,,TBD,,
,20240812,09:07:49 UTC,PER,Cell A271 or ask Daniel,,,,TBD,,
,20240812,09:08:15 UTC,PER,Cell A271 or ask Daniel,,,,TBD,,
,20240812,09:08:29 UTC,,Cell A271 or ask Daniel,,,,TBD,,
,20240812,09:10:10 UTC,,Cell A271 or ask Daniel,,,,TBD,,
,20240812,09:15:32 UTC,PER,Cell A271 or ask Daniel,,,,TBD,,
,20240812,09:17:43 UT,PER,Cell A271 or ask Daniel,,,,TBD,,
,20240812,09:20:44 UTC,PER,Cell A271 or ask Daniel,,,,TBD,,
,20240812,09:22:30 UTC,PER,Cell A271 or ask Daniel,,,,TBD,,
,20240812,09:25:32 UTC,,Cell A271 or ask Daniel,,,,TBD,,
,20240812,09:28:18 UTC,PER,Cell A271 or ask Daniel,,,,TBD,,
,20240812,09:29:09 UTC,PER,Cell A271 or ask Daniel,,,,TBD,,
,20240812,09:29:45 UTC,PER,Cell A271 or ask Daniel,,,,TBD,,
,20240812,09:29:49 UTC,PER,Cell A271 or ask Daniel,,,,TBD,,
,20240812,09:31:20 UTC,PER,Cell A271 or ask Daniel,,,,TBD,,
,20240812,09:38:02 UTC,PER,Cell A271 or ask Daniel,,,,TBD,,
,20240812,09:39:25 UTC,PER,Cell A271 or ask Daniel,,,,TBD,,
,20240812,09:45:00 UTC,PER,Cell A271 or ask Daniel,,,,TBD,,
,20240812,09:47:16 UTC,,Cell A271 or ask Daniel,,,,TBD,,
,20240812,09:51:22 UTC,PER,Cell A271 or ask Daniel,,,,TBD,,
,20240812,09:52:18 UTC,PER,Cell A271 or ask Daniel,,,,TBD,,
,20240812,09:55:25 UTC,PER,Cell A271 or ask Daniel,,,,TBD,,
,20240812,09:58:29 UTC,PER,Cell A271 or ask Daniel,,,,TBD,,
,20240812,10:01:06 UTC,PER,Cell A271 or ask Daniel,,,,TBD,,
,20240812,10:01:56 UTC,,Cell A271 or ask Daniel,,,,TBD,,
,20240812,10:02:12 UTC,PER,Cell A271 or ask Daniel,,,,TBD,,
,20240812,10:07:38 UTC,PER,Cell A271 or ask Daniel,,,,TBD,,
,20240812,10:15:53 UTC,PER,Cell A271 or ask Daniel,,,,TBD,,
,20240812,10:19:29 UTC,PER,Cell A271 or ask Daniel,,,,TBD,,
,20240812,10:26:03 UTC,PER,Cell A271 or ask Daniel,,,,TBD,,
,20240812,10:26:46 UTC,PER,Cell A271 or ask Daniel,,,,TBD,,
,20240812,10:33:10 UTC,PER,Cell A271 or ask Daniel,,,,TBD,,
,20240812,10:34:34 UTC,PER,Cell A271 or ask Daniel,,,,TBD,,
,20240812,10:35:55 UTC,PER,Cell A271 or ask Daniel,,,,TBD,,
,20240812,10:39:19 UTC,PER,Cell A271 or ask Daniel,,,,TBD,,
,20240812,10:40:33 UTC,PER,Cell A271 or ask Daniel,,,,TBD,,
,20240812,10:50:12 UTC,,Cell A271 or ask Daniel,,,,TBD,,
,20240812,10:56:30 UTC,,Cell A271 or ask Daniel,,,,TBD,,
,20240812,10:58:52 UTC,PER,Cell A271 or ask Daniel,,,,TBD,,
,20240812,11:01:46 UTC,,Cell A271 or ask Daniel,,,,TBD,,
,20240812,11:11:12 UTC,PER,Cell A271 or ask Daniel,,,,TBD,,
,20240812,11:12:19 UTC,PER,Cell A271 or ask Daniel,,,,TBD,,
,20240812,11:14:21 UTC,PER,Cell A271 or ask Daniel,,,,TBD,,
,20240812,11:17:11 UTC,PER,Cell A271 or ask Daniel,,,,TBD,,
,20240812,11:22:50 UTC,PER,Cell A271 or ask Daniel,,,,TBD,,
,20240812,11:26:07 UTC,PER,Cell A271 or ask Daniel,,,,TBD,,
,20240812,11:27:58 UTC,PER,Cell A271 or ask Daniel,,,,TBD,,
,20240812,11:30:33 UTC,PER,Cell A271 or ask Daniel,,,,TBD,,
For 20240812,20240812,11:36:01 UTC,,Cell A271 or ask Daniel,,,,TBD,,
Data File Page Break,20240812,11:52:33 UTC,PER,Cell A271 or ask Daniel,,,,TBD,,
20240813 Start,20240812,05:02:31 UTC,PER,Cell A468 or ask Daniel,Cell A468 or ask Daniel,Cell A468 or ask Daniel,,TBD,,
20240813 File with mag/cam info,20240812,05:04:18 UTC,,,,,,TBD,,
,20240812,05:13:27 UTC,CAP,,,,,TBD,,
,20240812,05:53:55 UTC,PER,,,,,TBD,,
,20240812,06:25:29 UTC,PER,,,,,TBD,,
,20240812,06:26:48 UTC,PER,,,,,TBD,,
,20240812,06:42:03 UTC,PER,,,,,TBD,,
,20240812,06:47:07 UTC,,,,,,TBD,,
,20240812,06:47:53 UTC,,,,,,TBD,,
Daniel - IDK where this block of info is from. Delete? Rithvik may have answers,20240812,06:53:37 UTC,PER,,,,,TBD,,
Revert format once resolved,20240812,06:53:55 UTC,,,,,,TBD,,
,20240812,06:56:24 UTC,,,,,,TBD,,
,20240812,06:56:37 UTC,PER,,,,,TBD,,
,20240812,06:57:38 UTC,,,,,,TBD,,
,20240812,07:11:13 UTC,PER,,,,,TBD,,
,20240812,07:18:23 UTC,PER,,,,,TBD,,
,20240812,07:18:34 UTC,,,,,,TBD,,
,20240812,07:29:04 UTC,PER,,,,,TBD,,
,20240812,07:39:48 UTC,PER,,,,,TBD,,
,20240812,07:51:25 UTC,PER,,,,,TBD,,
,20240812,08:00:42 UTC,,,,,,TBD,,
,20240812,08:01:56 UTC,PER,,,,,TBD,,
,20240812,08:05:10 UTC,PER,,,,,TBD,,
,20240812,08:12:59 UTC,PER,,,,,TBD,,
,20240812,08:26:09 UTC,PER,,,,,TBD,,
,20240812,08:27:47 UTC,PER,,,,,TBD,,
,20240812,08:36:52 UTC,PER,,,,,TBD,,
,20240812,08:38:26 UTC,PER,,,,,TBD,,
,20240812,08:41:26 UTC,,,,,,TBD,,
,20240812,08:44:47 UTC,,,,,,TBD,,
,20240812,08:50:34 UTC,PER,,,,,TBD,,
,20240812,09:60:22 UTC,PER,,,,,TBD,,
,20240812,09:08:02 UTC,PER,,,,,TBD,,
,20240812,09:08:15 UTC,PER,,,,,TBD,,
,20240812,09:10:36 UTC,PER,,,,,TBD,,
,20240812,09:13:16 UTC,PER,,,,,TBD,,
,20240812,09:15:54 UTC,,,,,,TBD,,
,20240812,09:18:22 UTC,,,,,,TBD,,
,20240812,09:19:38 UTC,PER,,,,,TBD,,
,20240812,09:22:23 UTC,PER,,,,,TBD,,
,20240812,09:31:07 UTC,,,,,,TBD,,
,20240812,09:38:02 UTC,PER,,,,,TBD,,
,20240812,09:39:29 UTC,PER,,,,,TBD,,
,20240812,09:39:57 UTC,,,,,,TBD,,
,20240812,09:47:24 UTC,PER,,,,,TBD,,
,20240812,09:56:37 UTC,PER,,,,,TBD,,
,20240812,10:49:36 UTC,PER,,,,,TBD,,
,20240812,11:21:20 UTC,PER,,,,,TBD,,
,20240812,11:27:08 UTC,PER,,,,,TBD,,
,20240812,11:39:28 UTC,PER,,,,,TBD,,
,20240813,02:00:20 UTC,,,,,Event 4434.xlsx,Partially Matched / Not sure,,
,20240813,02:15:03 UTC,PER,,,,,TBD,,
,20240813,02:51:24 UTC,PER,,,,,TBD,,
,20240813,03:03:28 UTC,PER,,,,,TBD,,
,20240813,03:04:12 UTC,,,,,,TBD,,
,20240813,03:06:14 UTC,PER,,,,,TBD,,
,20240813,03:11:16 UTC,PER,,,,,TBD,,
,20240813,03:24:34 UTC,PER,,,,,TBD,,
,20240813,03:32:49 UTC,PER,,,,,TBD,,
,20240813,03:34:54 UTC,PER,,,,,TBD,,
,20240813,03:43:30 UTC,PER,,,,,TBD,,
,20240813,04:02:56 UTC,PER,,,,,TBD,,
,20240813,04:13:22 UTC,PER,,,,,TBD,,
,20240813,04:25:56 UTC,PER,,,,,TBD,,
,20240813,04:27:22 UTC,,,,,,TBD,,
,20240813,04:44:08 UTC,PER,,,,,TBD,,
,20240813,05:02:36 UTC,PER,,,,,TBD,,
,20240813,05:09:02 UTC,PER,,,,,TBD,,
,20240813,05:11:07 UTC,PER,,,,,TBD,,
,20240813,05:24:40 UTC,PER,,,,,TBD,,
,20240813,05:27:05 UTC,PER,,,,,TBD,,
,20240813,05:29:44 UTC,PER,,,,,TBD,,
,20240813,05:31:43 UTC,PER,,,,,TBD,,
,20240813,05:32:46 UTC,PER,,,,,TBD,,
,20240813,05:33:23 UTC,PER,,,,,TBD,,
,20240813,05:38:40 UTC,,,,,,TBD,,
,20240813,05:58:01 UTC,PER,,,,,TBD,,
,20240813,06:05:54 UTC,PER,,,,,TBD,,
,20240813,06:10:23 UTC,PER,,,,,TBD,,
,20240813,06:11:56 UTC,PER,,,,,TBD,,
,20240813,06:14:31 UTC,PER,,,,,TBD,,
,20240813,06:14:52 UTC,,,,,,TBD,,
,20240813,06:25:38 UTC,PER,,,,,TBD,,
,20240813,06:26:43 UTC,PER,,,,,TBD,,
,20240813,06:26:59 UTC,PER,,,,,TBD,,
,20240813,06:27:17 UTC,PER,,,⭐,https://docs.google.com/spreadsheets/d/19XaVewAgCRJSXgp6qLwWXFgtgNmngKCv/edit?usp=sharing&ouid=114405578852571228565&rtpof=true&sd=true,Matched,,
,20240813,06:32:15 UTC,,,,⭐,https://docs.google.com/spreadsheets/d/19XaVewAgCRJSXgp6qLwWXFgtgNmngKCv/edit?usp=sharing&ouid=114405578852571228565&rtpof=true&sd=true,Matched,,
,20240813,06:33:41 UTC,PER,,,,,TBD,,
,20240813,06:42:19 UTC,PER,,,,,TBD,,
,20240813,06:50:10 UTC,,,,,,TBD,,
,20240813,06:59:55 UTC,PER,,,,,TBD,,
,20240813,07:01:26 UTC,,,,,,TBD,,
,20240813,07:02:08 UTC,PER,,,,https://docs.google.com/spreadsheets/d/1aAj15mHGf72zWZz_mCbkPFE26icYBGJb/edit?usp=sharing&ouid=114405578852571228565&rtpof=true&sd=true,Not Matched,,
,20240813,07:06:10 UTC,,,,,,TBD,,
,20240813,07:12:06 UTC,PER,,,,,TBD,,
,20240813,07:15:08 UTC,PER,,,,,TBD,,
,20240813,07:16:32 UTC,PER,,,,,TBD,,
,20240813,07:18:58 UTC,PER,,,,,TBD,,
,20240813,07:19:48 UTC,PER,,,,,TBD,,
,20240813,07:23:07 UTC,PER,,,,,TBD,,
,20240813,07:24:43 UTC,PER,,,,,TBD,,
,20240813,07:25:57 UTC,PER,,,,,TBD,,
,20240813,07:29:44 UTC,PER,,,,,TBD,,
,20240813,07:30:29 UTC,PER,,,,,TBD,,
,20240813,07:33:28 UTC,PER,,,,,TBD,,
,20240813,07:35:34 UTC,,,,,,TBD,,
,20240813,07:36:33 UTC,PER,,,,,TBD,,
,20240813,07:37:23 UTC,PER,,,,,TBD,,
,20240813,07:38:19 UTC,PER,,,,,TBD,,
,20240813,07:39:05 UTC,PER,,,,,TBD,,
,20240813,07:40:24 UTC,,,,,,TBD,,
,20240813,07:41:23 UTC,PER,,,,,TBD,,
,20240813,07:44:27 UTC,PER,,,,,TBD,,
,20240813,07:45:04 UTC,PER,,,,,TBD,,
,20240813,07:49:04 UTC,PER,,,,,TBD,,
,20240813,07:51:15 UTC,PER,,,,,TBD,,
,20240813,07:52:22 UTC,PER,,,,,TBD,,
,20240813,07:56:28 UTC,PER,,,,,TBD,,
,20240813,07:56:44 UTC,PER,,,,,TBD,,
,20240813,07:57:17 UTC,PER,,,,,TBD,,
,20240813,08:03:01 UTC,PER,,,,,TBD,,
,20240813,08:06:53 UTC,PER,,,,,TBD,,
,20240813,08:09:40 UTC,PER,,,,,TBD,,
,20240813,08:10:12 UTC,PER,,,,,TBD,,
,20240813,08:14:52 UTC,PER,,,,,TBD,,
,20240813,08:16:14 UTC,PER,,,,,TBD,,
,20240813,08:18:14 UTC,PER,,,,,TBD,,
,20240813,08:21:36 UTC,PER,,,,,TBD,,
,20240813,08:23:46 UTC,PER,,,,,TBD,,
,20240813,08:24:03 UTC,PER,,,,,TBD,,
,20240813,08:25:42 UTC,PER,,,,,TBD,,
,20240813,08:26:38 UTC,,,,,,TBD,,
,20240813,08:27:12 UTC,PER,,,,,TBD,,
,20240813,08:28:57 UTC,PER,,,,,TBD,,
,20240813,08:31:04 UTC,PER,,,,,TBD,,
,20240813,08:31:19 UTC,PER,,,,,TBD,,
,20240813,08:32:07 UTC,PER,,,,,TBD,,
,20240813,08:32:26 UTC,,,,,,TBD,,
,20240813,08:32:40 UTC,PER,,,,,TBD,,
,20240813,08:33:49 UTC,,,,,,TBD,,
,20240813,08:34:19 UTC,PER,,,,,TBD,,
,20240813,08:35:52 UTC,PER,,,,,TBD,,
,20240813,08:37:33 UTC,PER,,,,,TBD,,
,20240813,08:38:17 UTC,PER,,,,,TBD,,
,20240813,08:41:20 UTC,,,,,,TBD,,
,20240813,08:42:06 UTC,PER,,,,,TBD,,
,20240813,08:42:06 UTC,,,,,,TBD,,
,20240813,08:44:39 UTC,PER,,,,,TBD,,
,20240813,08:45:08 UTC,PER,,,,,TBD,,
,20240813,08:46:24 UTC,,,,,,TBD,,
,20240813,08:49:01 UTC,PER,,,,,TBD,,
,20240813,08:51:39 UTC,PER,,,,,TBD,,
,20240813,08:52:40 UTC,PER,,,,,TBD,,
,20240813,08:55:13 UTC,PER,,,,,TBD,,
,20240813,08:56:04 UTC,PER,,,,,TBD,,
,20240813,08:56:46 UTC,,,,,,TBD,,
,20240813,08:57:11 UTC,PER,,,,,TBD,,
,20240813,08:59:27 UTC,PER,,,,,TBD,,
,20240813,09:00:11 UTC,,,,,,TBD,,
,20240813,09:02:05 UTC,PER,,,,,TBD,,
,20240813,09:04:56 UTC,PER,,,,,TBD,,
,20240813,09:05:12 UTC,PER,,,,,TBD,,
,20240813,09:09:12 UTC,PER,,,,,TBD,,
,20240813,09:09:25 UTC,PER,,,,,TBD,,
,20240813,09:10:00 UTC,,,,,,TBD,,
,20240813,09:11:30 UTC,PER,,,,,TBD,,
,20240813,09:11:31 UTC,PER,,,,,TBD,,
,20240813,09:11:51 UTC,PER,,,,,TBD,,
,20240813,09:11:54 UTC,PER,,,,,TBD,,
,20240813,09:12:18 UTC,,,,,,TBD,,
,20240813,09:15:56 UTC,PER,,,,,TBD,,
,20240813,09:18:23 UTC,PER,,,,,TBD,,
,20240813,09:20:31 UTC,PER,,,,,TBD,,
,20240813,09:21:48 UTC,PER,,,,,TBD,,
,20240813,09:21:58 UTC,PER,,,,,TBD,,
,20240813,09:22:37 UTC,,,,,,TBD,,
,20240813,09:23:00 UTC,,,,,,TBD,,
,20240813,09:24:34 UTC,,,,,,TBD,,
,20240813,09:27:27 UTC,PER,,,,,TBD,,
,20240813,09:33:38 UTC,PER,,,,,TBD,,
,20240813,09:38:55 UTC,,,,,,TBD,,
,20240813,09:39:33 UTC,PER,,,,,TBD,,
,20240813,09:43:30 UTC,PER,,,,,TBD,,
,20240813,09:48:22 UTC,PER,,,,,TBD,,
,20240813,09:48:34 UTC,PER,,,,,TBD,,
,20240813,09:48:39 UTC,PER,,,,,TBD,,
,20240813,09:50:11 UTC,PER,,,,,TBD,,
,20240813,09:51:31 UTC,PER,,,,,TBD,,
,20240813,09:52:37 UTC,PER,,,,,TBD,,
,20240813,09:52:55 UTC,PER,,,,,TBD,,
,20240813,09:53:42 UTC,PER,,,,,TBD,,
,20240813,09:53:48 UTC,PER,,,,,TBD,,
,20240813,09:56:57 UTC,PER,,,,,TBD,,
,20240813,09:57:55 UTC,PER,,,,,TBD,,
,20240813,09:59:31 UTC,PER,,,,,TBD,,
,20240813,10:01:02 UTC,PER,,,,,TBD,,
,20240813,10:01:19 UTC,PER,,,,,TBD,,
,20240813,10:04:18 UTC,PER,,,,,TBD,,
,20240813,10:06:26 UTC,PER,,,,,TBD,,
,20240813,10:06:51 UTC,PER,,,,,TBD,,
,20240813,10:07:51 UTC,PER,,,,,TBD,,
,20240813,10:08:26 UTC,PER,,,,,TBD,,
,20240813,10:13:20 UTC,PER,,,,,TBD,,
,20240813,10:15:13 UTC,PER,,,,,TBD,,
,20240813,10:17:12 UTC,,,,,,TBD,,
,20240813,10:20:19 UTC,PER,,,,,TBD,,
,20240813,10:21:10 UTC,PER,,,,,TBD,,
,20240813,10:28:30 UTC,PER,,,,,TBD,,
,20240813,10:34:22 UTC,PER,,,,,TBD,,
,20240813,11:28:45 UTC,PER,,,,,TBD,,
,20240813,11:38:15 UTC,PER,,,,,TBD,,
,20240813,11:59:46 UTC,PER,,,,,TBD,,
,,,,,,,,TBD,,
,,,,,,,,TBD,,
,,,,,,,,TBD,,
,,,,,,,,TBD,,
Adjust up as needed,,,,,,,,TBD,,
For 20240813,,,,,,,,TBD,,
Data File Page Break,,,,,,,,TBD,,
20240814 Start,20240813,02:51:24 UTC,PER,Cell A--- or ask Daniel,Cell A### or ask Daniel,Cell A### or ask Daniel,,TBD,,
20240814 File with mag/cam info,20240813,04:06:45 UTC,PER,,,,,TBD,,
,20240813,05:31:43 UTC,PER,,,,,TBD,,
,20240813,06:38:16 UTC,PER,,,,,TBD,,
,20240813,06:41:23 UTC,PER,,,,,TBD,,
,20240813,06:56:32 UTC,,,,,,TBD,,
,20240813,07:16:59 UTC,,,,,,TBD,,
,20240813,07:22:41 UTC,,,,,,TBD,,
,20240813,07:39:05 UTC,PER,,,,,TBD,,
,20240813,07:44:26 UTC,,,,,,TBD,,
,20240813,07:50:29 UTC,,,,,,TBD,,
,20240813,08:03:21 UTC,PER,,,,,TBD,,
,20240813,08:05:53 UTC,PER,,,,,TBD,,
,20240813,08:09:07 UTC,,,,,,TBD,,
,20240813,08:11:34 UTC,,,,,,TBD,,
,20240813,08:12:15 UTC,PER,,,,,TBD,,
,20240813,08:15:41 UTC,PER,,,,,TBD,,
,20240813,08:17:54 UTC,PER,,,,,TBD,,
,20240813,08:23:29 UTC,,,,,,TBD,,
,20240813,08:27:02 UTC,PER,,,,,TBD,,
,20240813,08:29:31 UTC,,,,,,TBD,,
,20240813,08:47:44 UTC,PER,,,,,TBD,,
,20240813,08:50:29 UTC,PER,,,,,TBD,,
,20240813,08:57:11 UTC,PER,,,,,TBD,,
,20240813,08:59:00 UTC,PER,,,,,TBD,,
,20240813,09:26:35 UTC,PER,,,,,TBD,,
,20240813,09:33:03 UTC,PER,,,,,TBD,,
,20240813,09:45:28 UTC,PER,,,,,TBD,,
,20240813,09:48:34 UTC,PER,,,,,TBD,,
,20240813,09:55:29 UTC,PER,,,,,TBD,,
,20240813,10:02:33 UTC,PER,,,,,TBD,,
,20240813,10:23:23 UTC,PER,,,,,TBD,,
,20240813,11:26:02 UTC,PER,,,,,TBD,,
,20240813,11:42:26 UTC,PER,,,,,TBD,,
,20240814,01:34:55 UTC,PER,,,,,TBD,,
,20240814,02:27:19 UTC,PER,,,,,TBD,,
,20240814,02:59:13 UTC,PER,,,,,TBD,,
,20240814,03:26:24 UTC,PER,,,,,TBD,,
,20240814,04:24:16 UTC,PER,,,,,TBD,,
,20240814,04:37:22 UTC,PER,,,,,TBD,,
,20240814,04:48:12 UTC,PER,,,,,TBD,,
,20240814,05:18:55 UTC,PER,,,,,TBD,,
,20240814,05:25:17 UTC,,,,,,TBD,,
,20240814,05:26:16 UTC,PER,,,,,TBD,,
,20240814,05:30:16 UTC,,,,,,TBD,,
,20240814,05:59:29 UTC,PER,,,,,TBD,,
,20240814,06:08:01 UTC,PER,,,,,TBD,,
,20240814,06:22:39 UTC,PER,,,,,TBD,,
,20240814,06:29:43 UTC,,,,,,TBD,,
,20240814,06:31:08 UTC,PER,,,,,TBD,,
,20240814,06:33:06 UTC,,,,,,TBD,,
,20240814,06:39:16 UTC,PER,,,,,TBD,,
,20240814,06:46:52 UTC,PER,,,,,TBD,,
,20240814,06:47:16 UTC,,,,,,TBD,,
,20240814,06:53:09 UTC,,,,,,TBD,,
,20240814,07:16:31 UTC,PER,,,,,TBD,,
,20240814,07:28:02 UTC,PER,,,,,TBD,,
,20240814,07:28:25 UTC,,,,,,TBD,,
,20240814,07:34:11 UTC,,,,,,TBD,,
,20240814,07:46:55 UTC,,,,,,TBD,,
,20240814,08:04:56 UTC,PER,,,,,TBD,,
,20240814,08:09:11 UTC,PER,,,,,TBD,,
,20240814,08:15:03 UTC,PER,,,,,TBD,,
,20240814,08:41:28 UTC,PER,,,,,TBD,,
,20240814,08:41:49 UTC,PER,,,,,TBD,,
,20240814,08:43:07 UTC,PER,,,,,TBD,,
,20240814,08:44:30 UTC,PER,,,,,TBD,,
,20240814,09:14:17 UTC,PER,,,,,TBD,,
,20240814,09:20:14 UTC,,,,,,TBD,,
,20240814,09:22:53 UTC,,,,,,TBD,,
,20240814,09:30:40 UTC,PER,,,,,TBD,,
,20240814,09:40:06 UTC,,,,,,TBD,,
,20240814,10:02:01 UTC,,,,,,TBD,,
,20240814,10:19:13 UTC,PER,,,,,TBD,,
,20240814,10:53:50 UTC,,,,,,TBD,,
Adjust up as needed,20240814,11:45:21 UTC,,,,,,TBD,,
For 20240814,,,,,,,,TBD,,
Data File Page Break,,,,,,,,TBD,,
20240815 Start,20240814,01:15:23 UTC,PER,Cell A--- or ask Daniel,Cell A### or ask Daniel,Cell A### or ask Daniel,,TBD,,
20240815 File with mag/cam info,20240814,02:21:30 UTC,,,,,,TBD,,
,20240814,03:01:09 UTC,PER,,,,,TBD,,
,20240814,03:37:11 UTC,,,,,,TBD,,
,20240814,04:48:47 UTC,PER,,,,,TBD,,
,20240814,06:16:34 UTC,PER,,,,,TBD,,
,20240814,07:23:43 UTC,PER,,,,,TBD,,
,20240814,07:26:15 UTC,,,,,,TBD,,
,20240814,07:46:15 UTC,,,,,,TBD,,
,20240814,08:52:34 UTC,PER,,,,,TBD,,
,20240814,09:20:37 UTC,PER,,,,,TBD,,
,20240814,10:47:08 UTC,,,,,,TBD,,
,20240815,02:33:53 UTC,PER,,,,,TBD,,
,20240815,03:33:13 UTC,PER,,,,,TBD,,
,20240815,03:56:08 UTC,PER,,,,,TBD,,
,20240815,04:04:11 UTC,PER,,,,,TBD,,
,20240815,04:25:29 UTC,PER,,,,,TBD,,
,20240815,05:12:43 UTC,PER,,,,,TBD,,
,20240815,06:16:06 UTC,,,,,,TBD,,
,20240815,06:16:13 UTC,SDA,,,,,TBD,,
,20240815,06:27:41 UTC,PER,,,,,TBD,,
,20240815,06:38:09 UTC,PER,,,,,TBD,,
,20240815,07:04:49 UTC,PER,,,,,TBD,,
,20240815,07:14:34 UTC,PER,,,,,TBD,,
,20240815,07:44:18 UTC,PER,,,,,TBD,,
,20240815,07:57:27 UTC,PER,,,,,TBD,,
,20240815,08:29:01 UTC,,,,,,TBD,,
,20240815,08:43:20 UTC,PER,,,,,TBD,,
,20240815,08:51:34 UTC,PER,,,,,TBD,,
,20240815,08:53:51 UTC,,,,,,TBD,,
,20240815,09:00:16 UTC,,,,,,TBD,,
,20240815,09:00:33 UTC,PER,,,,,TBD,,
,20240815,09:04:21 UTC,PER,,,,,TBD,,
,20240815,09:12:27 UTC,PER,,,,,TBD,,
,20240815,09:18:21 UTC,PER,,,,,TBD,,
,20240815,10:08:09 UTC,,,,,,TBD,,
Adjust up as needed,20240815,11:17:48 UTC,,,,,,TBD,,
For 20240815,,,,,,,,TBD,,
Data File Page Break,,,,,,,,TBD,,
20240816 Start,20240815,02:48:54 UTC,,Cell A--- or ask Daniel,Cell A### or ask Daniel,Cell A### or ask Daniel,,TBD,,
20240816 File with mag/cam info,20240815,03:56:08 UTC,PER,,,,,TBD,,
,20240815,05:56:52 UTC,,,,,,TBD,,
,20240815,06:39:32 UTC,,,,,,TBD,,
,20240815,09:23:06 UTC,PER,,,,,TBD,,
,20240815,10:47:55 UTC,,,,,,TBD,,
,20240815,11:22:45 UTC,SDA,,,,,TBD,,
,20240816,02:07:43 UTC,,,,,,TBD,,
,20240816,05:41:21 UTC,,,,⭐,"Event 4388, 4396.xlsx",Partially Matched / Not sure,,
,20240816,08:09:56 UTC,,,,,,,,
,20240816,08:24:13 UTC,,,,,,,,
,20240816,08:43:35 UTC,PER,,,,,,,
,20240816,08:57:20 UTC,PER,,,,,,,
,20240816,09:04:19 UTC,,,,,,,,
,20240816,09:44:18 UTC,,,,,,,,
,20240816,10:38:59 UTC,PER,,,,,,,
,20240816,10:51:31 UTC,,,,,,,,
,20240816,11:11:29 UTC,PER,,,,,,,
"Files that were gone through 
highlighted green",20240816,11:13:09 UTC,,,,,,,,
,20240816,11:21:27 UTC,PER,,,,,,,
The rest of the days can be accessed,,,,,,,,,,
20240817 File with mag/cam info,,,,,,,,TBD,,
20240818 File with mag/cam info,,,,,,,,TBD,,
20240819 File with mag/cam info,,,,,,,,TBD,,
20240820 File with mag/cam info,,,,,,,,TBD,,
20240821 File with mag/cam info,,,,,,,,TBD,,
20240822 File with mag/cam info,20240823,01:44 UTC ,,,,⭐,https://docs.google.com/spreadsheets/d/1-1XEmiRXckIpOJuRC8k2fYbSBOw1_4cj/edit?usp=drive_link&ouid=114405578852571228565&rtpof=true&sd=true,Partially Matched / Not sure,,
20240823 File with mag/cam info,20240821,01:47:23 UTC,,,,⭐,,TBD,,
20240824 File with mag/cam info,20240824,03:15:15 UTC,,,,⭐,https://docs.google.com/spreadsheets/d/1LwvZt-IjK4hrg2_5Kz8uUkADeABALKx_/edit?usp=sharing&ouid=114405578852571228565&rtpof=true&sd=true,Matched,,
,20240825,02:43:22 UTC,NDA,-2.25,"1,3",⭐⭐⭐⭐⭐,,,,
20240825 File with mag/cam info,20240825,03:27:58 UTC,,,,⭐,,NA,,
20240826 File with mag/cam info,20240825,09:04:51 UTC,,,,⭐,,TBD,,
20240827 File with mag/cam info,,,,,,,,TBD,,
20240829 File with mag/cam info,,,,,,,,TBD,,
,,,,,,,,TBD,,
,,,,,,,,TBD,,
,,,,,,,,TBD,,
,,,,,,,,TBD,,
,,,,,,,,TBD,,
,,,,,,,,TBD,,
,,,,,,,,TBD,,
,,,,,,,,TBD,,
,,,,,,,,TBD,,
,,,,,,,,TBD,,
,,,,,,,,TBD,,
,,,,,,,,TBD,,
,,,,,,,,TBD,,
,,,,,,,,TBD,,
,,,,,,,,TBD,,
,,,,,,,,TBD,,
,,,,,,,,TBD,,
,,,,,,,,TBD,,
,,,,,,,,TBD,,
,,,,,,,,TBD,,
,,,,,,,,TBD,,
,,,,,,,,TBD,,
,,,,,,,,TBD,,
,,,,,,,,TBD,,
,,,,,,,,TBD,,
,,,,,,,,TBD,,
,,,,,,,,TBD,,
,,,,,,,,TBD,,
,,,,,,,,TBD,,
,,,,,,,,TBD,,
,,,,,,,,TBD,,
,,,,,,,,TBD,,
,,,,,,,,TBD,,
,,,,,,,,TBD,,
,,,,,,,,TBD,,
,,,,,,,,TBD,,
,,,,,,,,TBD,,
,,,,,,,,TBD,,
,,,,,,,,TBD,,
,,,,,,,,TBD,,
,,,,,,,,TBD,,
,,,,,,,,TBD,,
,,,,,,,,TBD,,
,,,,,,,,TBD,,
,,,,,,,,TBD,,
,,,,,,,,TBD,,
,,,,,,,,TBD,,
,,,,,,,,TBD,,
,,,,,,,,TBD,,
,,,,,,,,TBD,,
,,,,,,,,TBD,,
,,,,,,,,TBD,,
,,,,,,,,TBD,,
,,,,,,,,TBD,,
,,,,,,,,TBD,,
,,,,,,,,TBD,,
,,,,,,,,TBD,,
,,,,,,,,TBD,,
,,,,,,,,TBD,,
,,,,,,,,TBD,,
,,,,,,,,TBD,,
,,,,,,,,TBD,,
,,,,,,,,TBD,,
,,,,,,,,TBD,,
,,,,,,,,TBD,,
,,,,,,,,TBD,,
,,,,,,,,TBD,,
,,,,,,,,TBD,,
,,,,,,,,TBD,,
,,,,,,,,TBD,,
,,,,,,,,TBD,,
,,,,,,,,TBD,,
,,,,,,,,TBD,,
,,,,,,,,TBD,,
,,,,,,,,TBD,,
,,,,,,,,TBD,,
,,,,,,,,TBD,,
,,,,,,,,TBD,,
,,,,,,,,TBD,,
,,,,,,,,TBD,,
,,,,,,,,TBD,,
,,,,,,,,TBD,,
,,,,,,,,TBD,,
,,,,,,,,TBD,,
,,,,,,,,TBD,,
,,,,,,,,TBD,,
,,,,,,,,TBD,,
,,,,,,,,TBD,,
,,,,,,,,TBD,,
,,,,,,,,TBD,,
,,,,,,,,TBD,,
,,,,,,,,TBD,,
,,,,,,,,TBD,,
,,,,,,,,TBD,,
,,,,,,,,TBD,,
,,,,,,,,TBD,,
,,,,,,,,TBD,,
,,,,,,,,TBD,,
,,,,,,,,TBD,,
,,,,,,,,TBD,,
,,,,,,,,TBD,,
,,,,,,,,TBD,,
,,,,,,,,TBD,,
,,,,,,,,TBD,,
,,,,,,,,TBD,,
,,,,,,,,TBD,,
,,,,,,,,TBD,,
,,,,,,,,TBD,,
,,,,,,,,TBD,,
,,,,,,,,TBD,,
,,,,,,,,TBD,,
,,,,,,,,TBD,,
,,,,,,,,TBD,,
,,,,,,,,TBD,,
,,,,,,,,TBD,,
,,,,,,,,TBD,,
,,,,,,,,TBD,,
,,,,,,,,TBD,,
,,,,,,,,TBD,,
,,,,,,,,TBD,,
,,,,,,,,TBD,,
,,,,,,,,TBD,,
,,,,,,,,TBD,,
,,,,,,,,TBD,,
,,,,,,,,TBD,,
,,,,,,,,TBD,,
,,,,,,,,TBD,,
,,,,,,,,TBD,,
,,,,,,,,TBD,,
,,,,,,,,TBD,,
,,,,,,,,TBD,,
,,,,,,,,TBD,,
,,,,,,,,TBD,,
,,,,,,,,TBD,,
,,,,,,,,TBD,,
,,,,,,,,TBD,,
,,,,,,,,TBD,,
,,,,,,,,TBD,,
,,,,,,,,TBD,,
,,,,,,,,TBD,,
,,,,,,,,TBD,,
,,,,,,,,TBD,,
,,,,,,,,TBD,,
,,,,,,,,TBD,,
,,,,,,,,TBD,,
,,,,,,,,TBD,,
,,,,,,,,TBD,,
,,,,,,,,TBD,,
,,,,,,,,TBD,,
,,,,,,,,TBD,,
,,,,,,,,TBD,,
,,,,,,,,TBD,,
,,,,,,,,TBD,,
,,,,,,,,TBD,,
,,,,,,,,TBD,,
,,,,,,,,TBD,,
,,,,,,,,TBD,,
,,,,,,,,TBD,,
,,,,,,,,TBD,,
,,,,,,,,TBD,,
,,,,,,,,TBD,,
,,,,,,,,TBD,,
,,,,,,,,TBD,,
,,,,,,,,TBD,,
,,,,,,,,TBD,,
,,,,,,,,TBD,,
,,,,,,,,TBD,,
,,,,,,,,TBD,,
,,,,,,,,TBD,,
,,,,,,,,TBD,,
,,,,,,,,TBD,,
,,,,,,,,TBD,,
,,,,,,,,TBD,,
,,,,,,,,TBD,,
,,,,,,,,TBD,,
,,,,,,,,TBD,,
,,,,,,,,TBD,,
,,,,,,,,TBD,,
,,,,,,,,TBD,,
,,,,,,,,TBD,,
,,,,,,,,TBD,,
,,,,,,,,TBD,,
,,,,,,,,TBD,,
,,,,,,,,TBD,,